﻿<?xml version="1.0" encoding="UTF-8" standalone="yes"?>
<addon id="repository.sunder" name="Sunder Add-on repository" version="1.0.0" provider-name="Ratan Sunder Parai">
	<extension point="xbmc.addon.repository" name="Sunder Add-on repository">
		<info compressed="false">https://raw.githubusercontent.com/ratanparai/sunder-repo/master/addons.xml</info>
		<checksum>https://raw.githubusercontent.com/ratanparai/sunder-repo/master/addons.xml.md5</checksum>
		<datadir zip="true">https://raw.githubusercontent.com/ratanparai/sunder-repo/master/</datadir>
	</extension>
	<extension point="xbmc.addon.metadata">
		<summary lang="en">Install Add-ons from sunder repo</summary>
		<description lang="en">Download and install add-ons from sunder repo like cinehub24. This repository is required for auto updating addons on kodi.</description>
		<platform>all</platform>
	</extension>
</addon>

